rsi_threshold,vol_mult,trailing_stop_pct,take_profit_pct,portfolio_return_pct,portfolio_sharpe,max_drawdown_pct,total_trades,beats_spy,per_stock
45,1.0,4.0,12.0,1.8571901042049799,1.705668589269284,-29.549667943169766,32,False,"{'R': np.float64(0.18543437839393517), 'GWW': np.float64(0.05517232839422137), 'BEN': np.float64(0.1334792641298912), 'MBIN': np.float64(-0.01878528917641331), 'VIAV': np.float64(-0.26244117653138543)}"
45,1.0,4.0,15.0,1.7817366027016623,7.594644237330544,-29.549667943169766,30,False,"{'R': np.float64(0.1816617033187693), 'GWW': np.float64(0.05517232839422137), 'BEN': np.float64(0.1334792641298912), 'MBIN': np.float64(-0.01878528917641331), 'VIAV': np.float64(-0.26244117653138543)}"
45,1.0,4.0,20.0,3.5403457666096245,8.127725887645902,-25.73791432546424,29,False,"{'R': np.float64(0.1816617033187693), 'GWW': np.float64(0.05517232839422137), 'BEN': np.float64(0.13803094883492384), 'MBIN': np.float64(-0.01878528917641331), 'VIAV': np.float64(-0.17906240304101995)}"
45,1.0,6.0,12.0,1.3393994866078551,1.448378167876994,-29.390759446697736,31,False,"{'R': np.float64(0.18543437839393517), 'GWW': np.float64(0.05517232839422137), 'BEN': np.float64(0.1334792641298912), 'MBIN': np.float64(-0.01878528917641331), 'VIAV': np.float64(-0.28833070741124167)}"
45,1.0,6.0,15.0,1.2639459851045376,7.337353815938255,-29.390759446697736,29,False,"{'R': np.float64(0.1816617033187693), 'GWW': np.float64(0.05517232839422137), 'BEN': np.float64(0.1334792641298912), 'MBIN': np.float64(-0.01878528917641331), 'VIAV': np.float64(-0.28833070741124167)}"
45,1.0,6.0,20.0,2.928366580476569,7.964913513616535,-25.737914325464235,29,False,"{'R': np.float64(0.1816617033187693), 'GWW': np.float64(0.05517232839422137), 'BEN': np.float64(0.13803094883492384), 'MBIN': np.float64(-0.01878528917641331), 'VIAV': np.float64(-0.20966136234767274)}"
45,1.0,8.0,12.0,-0.9826467166227547,1.0346534239735334,-40.44330175727721,31,False,"{'R': np.float64(0.18543437839393517), 'GWW': np.float64(0.05517232839422137), 'BEN': np.float64(0.1334792641298912), 'MBIN': np.float64(-0.01878528917641331), 'VIAV': np.float64(-0.40443301757277217)}"
45,1.0,8.0,15.0,-1.0581002181260724,6.923629072034794,-40.44330175727721,29,False,"{'R': np.float64(0.1816617033187693), 'GWW': np.float64(0.05517232839422137), 'BEN': np.float64(0.1334792641298912), 'MBIN': np.float64(-0.01878528917641331), 'VIAV': np.float64(-0.40443301757277217)}"
45,1.0,8.0,20.0,0.251898653383531,7.5143796630471655,-34.34847587023247,29,False,"{'R': np.float64(0.1816617033187693), 'GWW': np.float64(0.05517232839422137), 'BEN': np.float64(0.13803094883492384), 'MBIN': np.float64(-0.01878528917641331), 'VIAV': np.float64(-0.34348475870232464)}"
45,1.2,4.0,12.0,1.0202451406329316,0.8417930740575464,-16.857878197749915,23,False,"{'R': np.float64(0.09348222895428004), 'GWW': np.float64(-0.024837711236071147), 'BEN': np.float64(0.0933938127993088), 'MBIN': np.float64(-0.01878528917641331), 'VIAV': np.float64(-0.09224078430945781)}"
45,1.2,4.0,15.0,0.9607284534098448,1.8138461026083186,-16.857878197749915,22,False,"{'R': np.float64(0.07682144845303385), 'GWW': np.float64(-0.024837711236071147), 'BEN': np.float64(0.10707875893940066), 'MBIN': np.float64(-0.01878528917641331), 'VIAV': np.float64(-0.09224078430945781)}"
45,1.2,4.0,20.0,2.4797549586278222,2.4502679041805018,-16.857878197749915,21,False,"{'R': np.float64(0.07682144845303385), 'GWW': np.float64(-0.024837711236071147), 'BEN': np.float64(0.08041067593004603), 'MBIN': np.float64(-0.01878528917641331), 'VIAV': np.float64(0.010378623960795696)}"
45,1.2,6.0,12.0,-0.1359583555154309,0.4784352221821971,-19.956849923639755,23,False,"{'R': np.float64(0.09348222895428004), 'GWW': np.float64(-0.024837711236071147), 'BEN': np.float64(0.0933938127993088), 'MBIN': np.float64(-0.01878528917641331), 'VIAV': np.float64(-0.15005095911687594)}"
45,1.2,6.0,15.0,-0.19547504273851765,1.450488250732969,-19.956849923639755,22,False,"{'R': np.float64(0.07682144845303385), 'GWW': np.float64(-0.024837711236071147), 'BEN': np.float64(0.10707875893940066), 'MBIN': np.float64(-0.01878528917641331), 'VIAV': np.float64(-0.15005095911687594)}"
45,1.2,6.0,20.0,1.7265543618123491,2.234466437286822,-19.956849923639755,21,False,"{'R': np.float64(0.07682144845303385), 'GWW': np.float64(-0.024837711236071147), 'BEN': np.float64(0.08041067593004603), 'MBIN': np.float64(-0.01878528917641331), 'VIAV': np.float64(-0.02728140587997796)}"
45,1.2,8.0,12.0,-2.9091859822729926,-0.2182503800200255,-33.510086078159816,23,False,"{'R': np.float64(0.09348222895428004), 'GWW': np.float64(-0.024837711236071147), 'BEN': np.float64(0.0933938127993088), 'MBIN': np.float64(-0.01878528917641331), 'VIAV': np.float64(-0.288712340454754)}"
45,1.2,8.0,15.0,-2.9687026694960794,0.7538026485307465,-33.510086078159816,22,False,"{'R': np.float64(0.07682144845303385), 'GWW': np.float64(-0.024837711236071147), 'BEN': np.float64(0.10707875893940066), 'MBIN': np.float64(-0.01878528917641331), 'VIAV': np.float64(-0.288712340454754)}"
45,1.2,8.0,20.0,-1.567540087350261,1.422743481154042,-33.510086078159816,21,False,"{'R': np.float64(0.07682144845303385), 'GWW': np.float64(-0.024837711236071147), 'BEN': np.float64(0.08041067593004603), 'MBIN': np.float64(-0.01878528917641331), 'VIAV': np.float64(-0.19198612833810846)}"
45,1.5,4.0,12.0,0.14540909274417757,-5.08480444521999,-6.174336740313572,14,False,"{'R': np.float64(0.07627144533051777), 'GWW': np.float64(-0.05651092073334185), 'BEN': np.float64(0.08815134603406616), 'MBIN': np.float64(-0.04050956075962542), 'VIAV': np.float64(-0.06013185523440778)}"
45,1.5,4.0,15.0,0.2816659052611925,-6.25652534260243,-6.174336740313572,13,False,"{'R': np.float64(0.05235340176284575), 'GWW': np.float64(-0.05651092073334185), 'BEN': np.float64(0.11888223022758893), 'MBIN': np.float64(-0.04050956075962542), 'VIAV': np.float64(-0.06013185523440778)}"
45,1.5,4.0,20.0,-0.5913695178474798,-6.490426347022902,-6.174336740313572,13,False,"{'R': np.float64(0.05235340176284575), 'GWW': np.float64(-0.05651092073334185), 'BEN': np.float64(0.07523045907215531), 'MBIN': np.float64(-0.04050956075962542), 'VIAV': np.float64(-0.06013185523440778)}"
45,1.5,6.0,12.0,-0.3702748012487733,-9.80342778089712,-8.59160499340553,14,False,"{'R': np.float64(0.07627144533051777), 'GWW': np.float64(-0.05651092073334185), 'BEN': np.float64(0.08815134603406616), 'MBIN': np.float64(-0.04050956075962542), 'VIAV': np.float64(-0.08591604993405533)}"
45,1.5,6.0,15.0,-0.2340179887317584,-10.97514867827956,-8.59160499340553,13,False,"{'R': np.float64(0.05235340176284575), 'GWW': np.float64(-0.05651092073334185), 'BEN': np.float64(0.11888223022758893), 'MBIN': np.float64(-0.04050956075962542), 'VIAV': np.float64(-0.08591604993405533)}"
45,1.5,6.0,20.0,-1.1070534118404307,-11.209049682700032,-8.59160499340553,13,False,"{'R': np.float64(0.05235340176284575), 'GWW': np.float64(-0.05651092073334185), 'BEN': np.float64(0.07523045907215531), 'MBIN': np.float64(-0.04050956075962542), 'VIAV': np.float64(-0.08591604993405533)}"
45,1.5,8.0,12.0,-2.0878505659112,-6.110516252108136,-17.179483816717664,14,False,"{'R': np.float64(0.07627144533051777), 'GWW': np.float64(-0.05651092073334185), 'BEN': np.float64(0.08815134603406616), 'MBIN': np.float64(-0.04050956075962542), 'VIAV': np.float64(-0.17179483816717667)}"
45,1.5,8.0,15.0,-1.9515937533941854,-7.282237149490575,-17.179483816717664,13,False,"{'R': np.float64(0.05235340176284575), 'GWW': np.float64(-0.05651092073334185), 'BEN': np.float64(0.11888223022758893), 'MBIN': np.float64(-0.04050956075962542), 'VIAV': np.float64(-0.17179483816717667)}"
45,1.5,8.0,20.0,-2.8246291765028575,-7.516138153911046,-17.179483816717664,13,False,"{'R': np.float64(0.05235340176284575), 'GWW': np.float64(-0.05651092073334185), 'BEN': np.float64(0.07523045907215531), 'MBIN': np.float64(-0.04050956075962542), 'VIAV': np.float64(-0.17179483816717667)}"
50,1.0,4.0,12.0,5.996878889821162,3.102246539840906,-13.107559793060295,28,False,"{'R': np.float64(0.18543437839393517), 'GWW': np.float64(0.06686664260494823), 'BEN': np.float64(0.1566336222208209), 'MBIN': np.float64(-0.01878528917641331), 'VIAV': np.float64(-0.09030540955223287)}"
50,1.0,4.0,15.0,5.921425388317845,8.991222187902165,-13.107559793060295,26,False,"{'R': np.float64(0.1816617033187693), 'GWW': np.float64(0.06686664260494823), 'BEN': np.float64(0.1566336222208209), 'MBIN': np.float64(-0.01878528917641331), 'VIAV': np.float64(-0.09030540955223287)}"
50,1.0,4.0,20.0,8.071082619675582,9.51476618873383,-10.545504793876319,25,True,"{'R': np.float64(0.1816617033187693), 'GWW': np.float64(0.06686664260494823), 'BEN': np.float64(0.16127828731015548), 'MBIN': np.float64(-0.01878528917641331), 'VIAV': np.float64(0.012532786926319428)}"
50,1.0,6.0,12.0,5.358243287039636,2.862554967829813,-12.911564307660289,27,False,"{'R': np.float64(0.18543437839393517), 'GWW': np.float64(0.06686664260494823), 'BEN': np.float64(0.1566336222208209), 'MBIN': np.float64(-0.01878528917641331), 'VIAV': np.float64(-0.12223718969130914)}"
50,1.0,6.0,15.0,5.28278978553632,8.751530615891074,-12.911564307660289,25,False,"{'R': np.float64(0.1816617033187693), 'GWW': np.float64(0.06686664260494823), 'BEN': np.float64(0.1566336222208209), 'MBIN': np.float64(-0.01878528917641331), 'VIAV': np.float64(-0.12223718969130914)}"
50,1.0,6.0,20.0,7.3162761725453915,9.335047806793488,-12.424419301473746,25,False,"{'R': np.float64(0.1816617033187693), 'GWW': np.float64(0.06686664260494823), 'BEN': np.float64(0.16127828731015548), 'MBIN': np.float64(-0.01878528917641331), 'VIAV': np.float64(-0.025207535430190164)}"
50,1.0,8.0,12.0,2.494264438661653,2.2700736742975054,-27.25307766192101,27,False,"{'R': np.float64(0.18543437839393517), 'GWW': np.float64(0.06686664260494823), 'BEN': np.float64(0.1566336222208209), 'MBIN': np.float64(-0.01878528917641331), 'VIAV': np.float64(-0.26543613211020833)}"
50,1.0,8.0,15.0,2.4188109371583355,8.159049322358765,-27.25307766192101,25,False,"{'R': np.float64(0.1816617033187693), 'GWW': np.float64(0.06686664260494823), 'BEN': np.float64(0.1566336222208209), 'MBIN': np.float64(-0.01878528917641331), 'VIAV': np.float64(-0.26543613211020833)}"
50,1.0,8.0,20.0,4.015158597498045,8.69423964719238,-27.25307766192101,25,False,"{'R': np.float64(0.1816617033187693), 'GWW': np.float64(0.06686664260494823), 'BEN': np.float64(0.16127828731015548), 'MBIN': np.float64(-0.01878528917641331), 'VIAV': np.float64(-0.19026341418255743)}"
50,1.2,4.0,12.0,1.6831067450223292,1.9156071760828415,-16.857878197749915,21,False,"{'R': np.float64(0.09348222895428004), 'GWW': np.float64(-0.014030136108877045), 'BEN': np.float64(0.11572931789158458), 'MBIN': np.float64(-0.01878528917641331), 'VIAV': np.float64(-0.09224078430945781)}"
50,1.2,4.0,15.0,1.6291810933551678,2.8885541735081377,-16.857878197749915,20,False,"{'R': np.float64(0.07682144845303385), 'GWW': np.float64(-0.014030136108877045), 'BEN': np.float64(0.1296938158094727), 'MBIN': np.float64(-0.01878528917641331), 'VIAV': np.float64(-0.09224078430945781)}"
50,1.2,4.0,20.0,3.1373122542446152,3.5232643531397905,-16.857878197749915,19,False,"{'R': np.float64(0.07682144845303385), 'GWW': np.float64(-0.014030136108877045), 'BEN': np.float64(0.10248096558369157), 'MBIN': np.float64(-0.01878528917641331), 'VIAV': np.float64(0.010378623960795696)}"
50,1.2,6.0,12.0,0.5269032488739667,1.5522493242074922,-19.956849923639755,21,False,"{'R': np.float64(0.09348222895428004), 'GWW': np.float64(-0.014030136108877045), 'BEN': np.float64(0.11572931789158458), 'MBIN': np.float64(-0.01878528917641331), 'VIAV': np.float64(-0.15005095911687594)}"
50,1.2,6.0,15.0,0.47297759720680516,2.525196321632788,-19.956849923639755,20,False,"{'R': np.float64(0.07682144845303385), 'GWW': np.float64(-0.014030136108877045), 'BEN': np.float64(0.1296938158094727), 'MBIN': np.float64(-0.01878528917641331), 'VIAV': np.float64(-0.15005095911687594)}"
50,1.2,6.0,20.0,2.384111657429142,3.3074628862461113,-19.956849923639755,19,False,"{'R': np.float64(0.07682144845303385), 'GWW': np.float64(-0.014030136108877045), 'BEN': np.float64(0.10248096558369157), 'MBIN': np.float64(-0.01878528917641331), 'VIAV': np.float64(-0.02728140587997796)}"
50,1.2,8.0,12.0,-2.246324377883595,0.8555637220052695,-33.510086078159816,21,False,"{'R': np.float64(0.09348222895428004), 'GWW': np.float64(-0.014030136108877045), 'BEN': np.float64(0.11572931789158458), 'MBIN': np.float64(-0.01878528917641331), 'VIAV': np.float64(-0.288712340454754)}"
50,1.2,8.0,15.0,-2.3002500295507566,1.8285107194305656,-33.510086078159816,20,False,"{'R': np.float64(0.07682144845303385), 'GWW': np.float64(-0.014030136108877045), 'BEN': np.float64(0.1296938158094727), 'MBIN': np.float64(-0.01878528917641331), 'VIAV': np.float64(-0.288712340454754)}"
50,1.2,8.0,20.0,-0.909982791733468,2.4957399301133307,-33.510086078159816,19,False,"{'R': np.float64(0.07682144845303385), 'GWW': np.float64(-0.014030136108877045), 'BEN': np.float64(0.10248096558369157), 'MBIN': np.float64(-0.01878528917641331), 'VIAV': np.float64(-0.19198612833810846)}"
50,1.5,4.0,12.0,0.7991082807327543,-3.78238030467626,-6.174336740313572,12,False,"{'R': np.float64(0.07627144533051777), 'GWW': np.float64(-0.04605437496311249), 'BEN': np.float64(0.11037975966326563), 'MBIN': np.float64(-0.04050956075962542), 'VIAV': np.float64(-0.06013185523440778)}"
50,1.5,4.0,15.0,0.9479203100867362,-4.969971502122597,-6.174336740313572,11,False,"{'R': np.float64(0.05235340176284575), 'GWW': np.float64(-0.04605437496311249), 'BEN': np.float64(0.14173840469863674), 'MBIN': np.float64(-0.04050956075962542), 'VIAV': np.float64(-0.06013185523440778)}"
50,1.5,4.0,20.0,0.05705079379926704,-5.179271841749778,-6.174336740313572,11,False,"{'R': np.float64(0.05235340176284575), 'GWW': np.float64(-0.04605437496311249), 'BEN': np.float64(0.09719492888426329), 'MBIN': np.float64(-0.04050956075962542), 'VIAV': np.float64(-0.06013185523440778)}"
50,1.5,6.0,12.0,0.2834243867398034,-8.50100364035339,-8.59160499340553,12,False,"{'R': np.float64(0.07627144533051777), 'GWW': np.float64(-0.04605437496311249), 'BEN': np.float64(0.11037975966326563), 'MBIN': np.float64(-0.04050956075962542), 'VIAV': np.float64(-0.08591604993405533)}"
50,1.5,6.0,15.0,0.43223641609378527,-9.688594837799727,-8.59160499340553,11,False,"{'R': np.float64(0.05235340176284575), 'GWW': np.float64(-0.04605437496311249), 'BEN': np.float64(0.14173840469863674), 'MBIN': np.float64(-0.04050956075962542), 'VIAV': np.float64(-0.08591604993405533)}"
50,1.5,6.0,20.0,-0.45863310019368386,-9.897895177426907,-8.59160499340553,11,False,"{'R': np.float64(0.05235340176284575), 'GWW': np.float64(-0.04605437496311249), 'BEN': np.float64(0.09719492888426329), 'MBIN': np.float64(-0.04050956075962542), 'VIAV': np.float64(-0.08591604993405533)}"
50,1.5,8.0,12.0,-1.4341513779226234,-4.808092111564404,-17.179483816717664,12,False,"{'R': np.float64(0.07627144533051777), 'GWW': np.float64(-0.04605437496311249), 'BEN': np.float64(0.11037975966326563), 'MBIN': np.float64(-0.04050956075962542), 'VIAV': np.float64(-0.17179483816717667)}"
50,1.5,8.0,15.0,-1.2853393485686415,-5.995683309010742,-17.179483816717664,11,False,"{'R': np.float64(0.05235340176284575), 'GWW': np.float64(-0.04605437496311249), 'BEN': np.float64(0.14173840469863674), 'MBIN': np.float64(-0.04050956075962542), 'VIAV': np.float64(-0.17179483816717667)}"
50,1.5,8.0,20.0,-2.1762088648561106,-6.204983648637922,-17.179483816717664,11,False,"{'R': np.float64(0.05235340176284575), 'GWW': np.float64(-0.04605437496311249), 'BEN': np.float64(0.09719492888426329), 'MBIN': np.float64(-0.04050956075962542), 'VIAV': np.float64(-0.17179483816717667)}"
55,1.0,4.0,12.0,6.282603471372021,3.7238544611914106,-13.107559793060295,27,False,"{'R': np.float64(0.18543437839393517), 'GWW': np.float64(0.08115287168249119), 'BEN': np.float64(0.1566336222208209), 'MBIN': np.float64(-0.01878528917641331), 'VIAV': np.float64(-0.09030540955223287)}"
55,1.0,4.0,15.0,6.207149969868704,9.612830109252672,-13.107559793060295,25,False,"{'R': np.float64(0.1816617033187693), 'GWW': np.float64(0.08115287168249119), 'BEN': np.float64(0.1566336222208209), 'MBIN': np.float64(-0.01878528917641331), 'VIAV': np.float64(-0.09030540955223287)}"
55,1.0,4.0,20.0,8.356807201226442,10.136374110084336,-10.545504793876319,24,True,"{'R': np.float64(0.1816617033187693), 'GWW': np.float64(0.08115287168249119), 'BEN': np.float64(0.16127828731015548), 'MBIN': np.float64(-0.01878528917641331), 'VIAV': np.float64(0.012532786926319428)}"
55,1.0,6.0,12.0,5.6439678685904955,3.4841628891803182,-12.911564307660289,26,False,"{'R': np.float64(0.18543437839393517), 'GWW': np.float64(0.08115287168249119), 'BEN': np.float64(0.1566336222208209), 'MBIN': np.float64(-0.01878528917641331), 'VIAV': np.float64(-0.12223718969130914)}"
55,1.0,6.0,15.0,5.568514367087178,9.373138537241578,-12.911564307660289,24,False,"{'R': np.float64(0.1816617033187693), 'GWW': np.float64(0.08115287168249119), 'BEN': np.float64(0.1566336222208209), 'MBIN': np.float64(-0.01878528917641331), 'VIAV': np.float64(-0.12223718969130914)}"
55,1.0,6.0,20.0,7.60200075409625,9.956655728143994,-12.424419301473746,24,False,"{'R': np.float64(0.1816617033187693), 'GWW': np.float64(0.08115287168249119), 'BEN': np.float64(0.16127828731015548), 'MBIN': np.float64(-0.01878528917641331), 'VIAV': np.float64(-0.025207535430190164)}"
55,1.0,8.0,12.0,2.779989020212512,2.8916815956480106,-27.25307766192101,26,False,"{'R': np.float64(0.18543437839393517), 'GWW': np.float64(0.08115287168249119), 'BEN': np.float64(0.1566336222208209), 'MBIN': np.float64(-0.01878528917641331), 'VIAV': np.float64(-0.26543613211020833)}"
55,1.0,8.0,15.0,2.7045355187091946,8.780657243709271,-27.25307766192101,24,False,"{'R': np.float64(0.1816617033187693), 'GWW': np.float64(0.08115287168249119), 'BEN': np.float64(0.1566336222208209), 'MBIN': np.float64(-0.01878528917641331), 'VIAV': np.float64(-0.26543613211020833)}"
55,1.0,8.0,20.0,4.300883179048904,9.315847568542885,-27.25307766192101,24,False,"{'R': np.float64(0.1816617033187693), 'GWW': np.float64(0.08115287168249119), 'BEN': np.float64(0.16127828731015548), 'MBIN': np.float64(-0.01878528917641331), 'VIAV': np.float64(-0.19026341418255743)}"
55,1.2,4.0,12.0,1.9471658275091408,2.160274201709037,-16.857878197749915,20,False,"{'R': np.float64(0.09348222895428004), 'GWW': np.float64(-0.0008271819845364625), 'BEN': np.float64(0.11572931789158458), 'MBIN': np.float64(-0.01878528917641331), 'VIAV': np.float64(-0.09224078430945781)}"
55,1.2,4.0,15.0,1.8932401758419795,3.1332211991343315,-16.857878197749915,19,False,"{'R': np.float64(0.07682144845303385), 'GWW': np.float64(-0.0008271819845364625), 'BEN': np.float64(0.1296938158094727), 'MBIN': np.float64(-0.01878528917641331), 'VIAV': np.float64(-0.09224078430945781)}"
55,1.2,4.0,20.0,3.401371336731427,3.767931378765985,-16.857878197749915,18,False,"{'R': np.float64(0.07682144845303385), 'GWW': np.float64(-0.0008271819845364625), 'BEN': np.float64(0.10248096558369157), 'MBIN': np.float64(-0.01878528917641331), 'VIAV': np.float64(0.010378623960795696)}"
55,1.2,6.0,12.0,0.7909623313607783,1.7969163498336875,-19.956849923639755,20,False,"{'R': np.float64(0.09348222895428004), 'GWW': np.float64(-0.0008271819845364625), 'BEN': np.float64(0.11572931789158458), 'MBIN': np.float64(-0.01878528917641331), 'VIAV': np.float64(-0.15005095911687594)}"
55,1.2,6.0,15.0,0.7370366796936167,2.769863347258982,-19.956849923639755,19,False,"{'R': np.float64(0.07682144845303385), 'GWW': np.float64(-0.0008271819845364625), 'BEN': np.float64(0.1296938158094727), 'MBIN': np.float64(-0.01878528917641331), 'VIAV': np.float64(-0.15005095911687594)}"
55,1.2,6.0,20.0,2.6481707399159538,3.5521299118723055,-19.956849923639755,18,False,"{'R': np.float64(0.07682144845303385), 'GWW': np.float64(-0.0008271819845364625), 'BEN': np.float64(0.10248096558369157), 'MBIN': np.float64(-0.01878528917641331), 'VIAV': np.float64(-0.02728140587997796)}"
55,1.2,8.0,12.0,-1.9822652953967834,1.1002307476314648,-33.510086078159816,20,False,"{'R': np.float64(0.09348222895428004), 'GWW': np.float64(-0.0008271819845364625), 'BEN': np.float64(0.11572931789158458), 'MBIN': np.float64(-0.01878528917641331), 'VIAV': np.float64(-0.288712340454754)}"
55,1.2,8.0,15.0,-2.036190947063945,2.0731777450567597,-33.510086078159816,19,False,"{'R': np.float64(0.07682144845303385), 'GWW': np.float64(-0.0008271819845364625), 'BEN': np.float64(0.1296938158094727), 'MBIN': np.float64(-0.01878528917641331), 'VIAV': np.float64(-0.288712340454754)}"
55,1.2,8.0,20.0,-0.6459237092466563,2.7404069557395254,-33.510086078159816,18,False,"{'R': np.float64(0.07682144845303385), 'GWW': np.float64(-0.0008271819845364625), 'BEN': np.float64(0.10248096558369157), 'MBIN': np.float64(-0.01878528917641331), 'VIAV': np.float64(-0.19198612833810846)}"
55,1.5,4.0,12.0,0.7991082807327543,-3.78238030467626,-6.174336740313572,12,False,"{'R': np.float64(0.07627144533051777), 'GWW': np.float64(-0.04605437496311249), 'BEN': np.float64(0.11037975966326563), 'MBIN': np.float64(-0.04050956075962542), 'VIAV': np.float64(-0.06013185523440778)}"
55,1.5,4.0,15.0,0.9479203100867362,-4.969971502122597,-6.174336740313572,11,False,"{'R': np.float64(0.05235340176284575), 'GWW': np.float64(-0.04605437496311249), 'BEN': np.float64(0.14173840469863674), 'MBIN': np.float64(-0.04050956075962542), 'VIAV': np.float64(-0.06013185523440778)}"
55,1.5,4.0,20.0,0.05705079379926704,-5.179271841749778,-6.174336740313572,11,False,"{'R': np.float64(0.05235340176284575), 'GWW': np.float64(-0.04605437496311249), 'BEN': np.float64(0.09719492888426329), 'MBIN': np.float64(-0.04050956075962542), 'VIAV': np.float64(-0.06013185523440778)}"
55,1.5,6.0,12.0,0.2834243867398034,-8.50100364035339,-8.59160499340553,12,False,"{'R': np.float64(0.07627144533051777), 'GWW': np.float64(-0.04605437496311249), 'BEN': np.float64(0.11037975966326563), 'MBIN': np.float64(-0.04050956075962542), 'VIAV': np.float64(-0.08591604993405533)}"
55,1.5,6.0,15.0,0.43223641609378527,-9.688594837799727,-8.59160499340553,11,False,"{'R': np.float64(0.05235340176284575), 'GWW': np.float64(-0.04605437496311249), 'BEN': np.float64(0.14173840469863674), 'MBIN': np.float64(-0.04050956075962542), 'VIAV': np.float64(-0.08591604993405533)}"
55,1.5,6.0,20.0,-0.45863310019368386,-9.897895177426907,-8.59160499340553,11,False,"{'R': np.float64(0.05235340176284575), 'GWW': np.float64(-0.04605437496311249), 'BEN': np.float64(0.09719492888426329), 'MBIN': np.float64(-0.04050956075962542), 'VIAV': np.float64(-0.08591604993405533)}"
55,1.5,8.0,12.0,-1.4341513779226234,-4.808092111564404,-17.179483816717664,12,False,"{'R': np.float64(0.07627144533051777), 'GWW': np.float64(-0.04605437496311249), 'BEN': np.float64(0.11037975966326563), 'MBIN': np.float64(-0.04050956075962542), 'VIAV': np.float64(-0.17179483816717667)}"
55,1.5,8.0,15.0,-1.2853393485686415,-5.995683309010742,-17.179483816717664,11,False,"{'R': np.float64(0.05235340176284575), 'GWW': np.float64(-0.04605437496311249), 'BEN': np.float64(0.14173840469863674), 'MBIN': np.float64(-0.04050956075962542), 'VIAV': np.float64(-0.17179483816717667)}"
55,1.5,8.0,20.0,-2.1762088648561106,-6.204983648637922,-17.179483816717664,11,False,"{'R': np.float64(0.05235340176284575), 'GWW': np.float64(-0.04605437496311249), 'BEN': np.float64(0.09719492888426329), 'MBIN': np.float64(-0.04050956075962542), 'VIAV': np.float64(-0.17179483816717667)}"
